{"task": 0, "acc": 98.8, "avg_acc": 98.8, "forgetting": 0.0, "acc_per_task": [98.8], "bwt": 0.0, "fwt": 0.0}
{"task": 1, "acc": 91.6, "avg_acc": 95.2, "forgetting": 0.0, "acc_per_task": [87.1, 96.1], "bwt": 0.0, "fwt": 87.1}
{"task": 2, "acc": 78.53, "avg_acc": 89.64, "forgetting": 13.9, "acc_per_task": [71.0, 76.7, 87.9], "bwt": -9.27, "fwt": 78.27}
{"task": 3, "acc": 71.82, "avg_acc": 85.19, "forgetting": 22.866667, "acc_per_task": [55.5, 70.8, 65.7, 95.3], "bwt": -16.07, "fwt": 71.13}
{"task": 4, "acc": 64.72, "avg_acc": 81.1, "forgetting": 31.85, "acc_per_task": [48.7, 67.3, 39.4, 81.0, 87.2], "bwt": -22.38, "fwt": 66.32}
{"task": 5, "acc": 66.83, "avg_acc": 78.72, "forgetting": 30.76, "acc_per_task": [56.4, 54.3, 44.0, 69.6, 86.4, 90.3], "bwt": -25.17, "fwt": 64.93}
{"task": 6, "acc": 65.66, "avg_acc": 76.85, "forgetting": 28.433333, "acc_per_task": [56.1, 50.4, 43.5, 59.3, 85.4, 72.5, 92.4], "bwt": -26.1, "fwt": 63.86}
{"task": 7, "acc": 59.99, "avg_acc": 74.74, "forgetting": 34.657143, "acc_per_task": [40.5, 46.7, 34.4, 57.0, 71.6, 62.8, 73.1, 93.8], "bwt": -28.24, "fwt": 61.69}
{"task": 8, "acc": 36.87, "avg_acc": 70.54, "forgetting": 58.275, "acc_per_task": [31.9, 12.1, 24.6, 23.6, 35.2, 29.7, 24.7, 53.4, 96.6], "bwt": -34.92, "fwt": 54.51}
{"task": 9, "acc": 51.19, "avg_acc": 68.6, "forgetting": 44.688889, "acc_per_task": [40.3, 19.9, 27.3, 39.9, 45.9, 59.1, 50.7, 56.5, 83.6, 88.7], "bwt": -36.87, "fwt": 53.01}
{"last": 51.19, "avg": 68.6}
